{
 "extension-id": "maximus",
 "uuid": "maximus@mathematical.coffee.gmail.com",
 "settings-schema": "org.gnome.shell.extensions.maximus",
 "name": "Maximus",
 "gettext-domain": "maximus",
 "description": "Undecorate maximized windows, like Ubuntu's old 'Maximus' package. See readme at extension homepage.",
 "shell-version": [
     "3.4",
     "3.6",
     "3.8",
     "3.10"
 ],
 "url": "https://bitbucket.org/mathematicalcoffee/maximus-gnome-shell-extension",
 "version": 9,
 "dev-version": "2.1_gnome3.4+"
}
